{"IcoMoonType":"selection","icons":[{"icon":{"paths":["M665.6 256h153.6v512h-153.6v-512zM204.8 256l460.8 256-460.8 256v-512z"],"attrs":[{}],"isMulticolor":false,"isMulticolor2":false,"tags":["step-forward"],"grid":20},"attrs":[{}],"properties":{"order":16,"id":0,"prevSize":20,"code":59648,"name":"step-forward"},"setIdx":0,"setId":6,"iconIdx":0},{"icon":{"paths":["M598 214h170v596h-170v-596zM256 810v-596h170v596h-170z"],"attrs":[{}],"isMulticolor":false,"isMulticolor2":false,"tags":["pause"],"grid":24},"attrs":[{}],"properties":{"order":17,"id":0,"name":"pause","prevSize":24,"code":59649},"setIdx":1,"setId":5,"iconIdx":0},{"icon":{"paths":["M512 0c-176.732 0-320 143.268-320 320 0 320 320 704 320 704s320-384 320-704c0-176.732-143.27-320-320-320zM512 516c-108.248 0-196-87.752-196-196s87.752-196 196-196 196 87.752 196 196-87.752 196-196 196zM388 320c0-68.483 55.517-124 124-124s124 55.517 124 124c0 68.483-55.517 124-124 124s-124-55.517-124-124z"],"attrs":[],"isMulticolor":false,"isMulticolor2":false,"tags":["location","map-marker","pin"],"defaultCode":59720,"grid":16},"attrs":[],"properties":{"ligatures":"location2, map-marker2","name":"location2","order":21,"id":0,"prevSize":32,"code":59720},"setIdx":2,"setId":4,"iconIdx":0},{"icon":{"paths":["M192 128l640 384-640 384z"],"attrs":[],"isMulticolor":false,"isMulticolor2":false,"tags":["play","player"],"defaultCode":59932,"grid":16},"attrs":[],"properties":{"ligatures":"play3, player8","name":"play3","order":20,"id":1,"prevSize":32,"code":59932},"setIdx":2,"setId":4,"iconIdx":1},{"icon":{"paths":["M992 384h-352v-352c0-17.672-14.328-32-32-32h-192c-17.672 0-32 14.328-32 32v352h-352c-17.672 0-32 14.328-32 32v192c0 17.672 14.328 32 32 32h352v352c0 17.672 14.328 32 32 32h192c17.672 0 32-14.328 32-32v-352h352c17.672 0 32-14.328 32-32v-192c0-17.672-14.328-32-32-32z"],"tags":["plus","add","sum"],"defaultCode":59914,"grid":16,"attrs":[]},"attrs":[],"properties":{"ligatures":"plus, add","name":"plus","order":23,"id":267,"prevSize":32,"code":59914},"setIdx":5,"setId":1,"iconIdx":266},{"icon":{"paths":["M0 416v192c0 17.672 14.328 32 32 32h960c17.672 0 32-14.328 32-32v-192c0-17.672-14.328-32-32-32h-960c-17.672 0-32 14.328-32 32z"],"tags":["minus","subtract","minimize","line"],"defaultCode":59915,"grid":16,"attrs":[]},"attrs":[],"properties":{"ligatures":"minus, subtract","name":"minus","order":24,"id":268,"prevSize":32,"code":59915},"setIdx":5,"setId":1,"iconIdx":267},{"icon":{"paths":["M128 128h320v768h-320zM576 128h320v768h-320z"],"tags":["pause","player"],"defaultCode":59933,"grid":16,"attrs":[]},"attrs":[],"properties":{"ligatures":"pause2, player9","name":"pause2","order":14,"id":286,"prevSize":32,"code":59933},"setIdx":5,"setId":1,"iconIdx":285},{"icon":{"paths":["M437.974 460.586l-245.974-183.252c-28.374-28.374-28.374-56.96 0-85.334l245.974-183.254c7.7-5.546 17.28-8.746 27.52-8.746 25.812 0 46.506 20.032 46.506 44.822v83.178c247.466 0.64 448 200.96 448 448 0 247.488-201.174 448-449.066 448-230.186 0-419.862-172.586-446.080-394.88-0.214-0.64-0.854-7.466-0.854-10.454 0-23.466 19.2-42.666 42.88-42.666h107.52c35.2 0 61.866 24.32 65.494 44.586 20.692 108.374 116.266 190.080 231.040 190.080 129.92 0 235.114-104.96 235.114-234.666 0-129.302-104.534-234.026-234.048-234.666v83.2c0 24.746-20.694 44.8-46.506 44.8-10.24 0-19.82-3.18-27.52-8.748z"],"attrs":[],"isMulticolor":false,"isMulticolor2":false,"tags":["refresh","reload","reset"],"grid":48},"attrs":[],"properties":{"id":154,"order":22,"prevSize":48,"code":59650,"name":"refresh"},"setIdx":3,"setId":3,"iconIdx":153}],"height":1024,"metadata":{"name":"icomoon"},"preferences":{"showGlyphs":true,"showQuickUse":true,"showQuickUse2":true,"showSVGs":true,"fontPref":{"prefix":"icon-","metadata":{"fontFamily":"icomoon"},"metrics":{"emSize":1024,"baseline":6.25,"whitespace":50},"embed":false},"imagePref":{"prefix":"icon-","png":true,"useClassSelector":true,"color":0,"bgColor":16777215,"classSelector":".icon","name":"icomoon"},"historySize":50,"showCodes":true,"gridSize":16}}